id;phone_number;type;birth_date;birth_place;gender;disabled;disabled_date
1;à l'égard de parlementaire;COMPANY_ADMIN;2026-07-16T13:54:42;tellement camarade pin-pon;MALE;true;2026-07-16T01:41:04
2;ensuite à cause de concurrence;USER;2026-07-16T08:08:28;planter tellement pourpre;MALE;true;2026-07-16T11:18:08
3;atchoum;SUPER_ADMIN;2026-07-16T11:08:35;méconnaître zzzz sitôt que;MALE;false;2026-07-16T08:11:58
4;dès sans tellement;SUPER_ADMIN;2026-07-16T18:25:13;conseil municipal franco près de;MALE;true;2026-07-15T23:54:29
5;en dépit de dissiper à condition que;USER;2026-07-16T14:37:20;exciter à l'entour de retracer;MALE;false;2026-07-16T08:49:36
6;loufoque;COMPANY_ADMIN;2026-07-15T23:25:16;ouille dorénavant;FEMALE;true;2026-07-16T16:02:49
7;d’autant que;COMPANY_ADMIN;2026-07-16T10:23:17;de manière à ce que loin de trop;MALE;true;2026-07-16T14:57:17
8;au prix de vroum différer;COMPANY_ADMIN;2026-07-16T13:37:28;adepte;MALE;true;2026-07-16T20:21:35
9;sans que;COMPANY_ADMIN;2026-07-16T10:48:14;ah tout à fait;MALE;false;2026-07-16T02:02:45
10;depuis;USER;2026-07-15T21:34:22;à l'entour de;FEMALE;false;2026-07-16T03:47:28
11;dorénavant lors auprès de;SUPER_ADMIN;2026-07-15T22:18:38;comme à condition que;MALE;false;2026-07-16T18:30:49
12;de sorte que pauvre;USER;2026-07-16T19:04:04;quitte à;MALE;true;2026-07-16T18:43:28
13;adorable;SUPER_ADMIN;2026-07-16T00:23:43;plutôt communauté étudiante;FEMALE;true;2026-07-16T12:03:43
14;habituer ha ha dominer;COMPANY_ADMIN;2026-07-15T22:03:42;pourvu que;MALE;true;2026-07-16T08:52:32
15;si;COMPANY_ADMIN;2026-07-16T13:16:46;rudement;MALE;true;2026-07-16T03:16:49
16;jamais;SUPER_ADMIN;2026-07-15T23:13:24;sans que;MALE;true;2026-07-15T22:48:02
17;adepte efficace;SUPER_ADMIN;2026-07-16T10:43:51;plouf complètement;MALE;true;2026-07-16T09:03:27
18;même si;COMPANY_ADMIN;2026-07-15T22:37:02;étant donné que consommer oh;FEMALE;false;2026-07-15T21:53:56
19;lors de incalculable;COMPANY_ADMIN;2026-07-16T19:05:44;sans que déshabiller après que;FEMALE;false;2026-07-16T10:08:27
20;triompher jeune enfant en outre de;USER;2026-07-16T13:54:43;énorme à défaut de ouille;MALE;true;2026-07-16T15:35:10
21;accrocher touriste circulaire;COMPANY_ADMIN;2026-07-16T01:02:16;équipe psitt dégager;FEMALE;false;2026-07-16T09:23:14
22;admirer sitôt;SUPER_ADMIN;2026-07-16T15:27:37;dans;FEMALE;false;2026-07-16T11:11:13
23;agréable jeune enfant groin groin;COMPANY_ADMIN;2026-07-16T18:07:14;délectable fendre;FEMALE;false;2026-07-16T09:26:12
24;outre cuicui oups;USER;2026-07-16T03:04:39;ding;FEMALE;false;2026-07-16T11:32:15
25;presque envers;USER;2026-07-16T17:40:09;pour même;MALE;true;2026-07-16T12:01:19
26;dense incliner chef de cuisine;SUPER_ADMIN;2026-07-16T15:53:53;déshabiller franco;FEMALE;false;2026-07-16T18:02:52
27;insolite;COMPANY_ADMIN;2026-07-16T10:50:58;proche voyager énergique;FEMALE;true;2026-07-16T15:08:46
28;autour;SUPER_ADMIN;2026-07-16T03:36:02;lier serviable;FEMALE;false;2026-07-15T23:37:31
29;au cas où de façon que;COMPANY_ADMIN;2026-07-16T11:43:02;présidence;MALE;true;2026-07-16T07:49:43
30;vroum dynamique;USER;2026-07-16T16:01:03;adversaire incalculable probablement;FEMALE;true;2026-07-16T17:49:49
